r,g,b,y
0.5570602,0.59575,0.34790263,0
0.624188,0.66168296,0.40191776,0
0.5878576,0.6409907,0.36594644,0
0.6270131,0.6697275,0.4145536,0
0.62521887,0.6535607,0.41792822,0
0.52896994,0.60798204,0.39013913,0
0.574203,0.6155935,0.35431498,0
0.62119955,0.6595775,0.4079421,0
0.57559896,0.6171695,0.3546735,0
0.47522157,0.55793303,0.32041997,0
0.6308489,0.68510467,0.4281866,0
0.53384924,0.57912415,0.3350521,0
0.61258554,0.65278304,0.39604527,0
0.6485713,0.68834853,0.43221706,0
0.59497076,0.63809353,0.37725672,0
0.55949277,0.59427434,0.37201732,0
0.59489036,0.64204174,0.39459112,0
0.5165415,0.60223335,0.37068552,0
0.549416,0.6380918,0.41833875,0
0.5435163,0.6181026,0.39911714,0
0.5164324,0.5875824,0.37326273,0
0.59751636,0.64920187,0.38994014,0
0.6168562,0.65410554,0.40868694,0
0.5316744,0.6111093,0.38723096,0
0.5440378,0.63267165,0.40603048,0
0.56261677,0.5931143,0.37865415,0
0.6244539,0.66585827,0.40057945,0
0.5457944,0.57533073,0.35617265,0
0.5282449,0.60836726,0.3860671,0
0.59658265,0.64275473,0.38557395,0
0.6163991,0.6614023,0.41461873,0
0.5998251,0.67714983,0.40912375,0
0.59912694,0.6435562,0.38783905,0
0.6435799,0.67551494,0.42376146,0
0.5457594,0.63375586,0.4027545,0
0.6089605,0.6414793,0.3934899,0
0.62455004,0.6556219,0.41010368,0
0.6353929,0.6749835,0.4274347,0
0.6602525,0.70509785,0.45336992,0
0.60401577,0.6373077,0.39758676,0
0.5265624,0.55752814,0.3259776,0
0.54512197,0.5878914,0.34877038,0
0.6005649,0.6383136,0.37581068,0
0.66067004,0.70717883,0.45140886,0
0.5660546,0.64942783,0.40893397,0
0.63254017,0.66549957,0.4100247,0
0.47174585,0.5480557,0.31768218,0
0.5063002,0.5879482,0.36379716,0
0.5375722,0.60931605,0.37895587,0
0.5175433,0.59921336,0.38619286,0
0.5237034,0.567244,0.33290485,0
0.6416203,0.66926575,0.41990188,0
0.65629464,0.6844861,0.43778488,0
0.62054414,0.65926945,0.4167751,0
0.5576853,0.6452697,0.41916203,0
0.6328003,0.67011654,0.42189214,0
0.53256434,0.61449015,0.38914564,0
0.5999087,0.65009946,0.38204628,0
0.5002764,0.58103025,0.3518119,0
0.55569893,0.63433886,0.39418635,0
0.5319936,0.57161295,0.33050638,0
0.64479035,0.6781806,0.43674994,0
0.5317645,0.6179664,0.37352228,0
0.5730476,0.62467486,0.36776868,0
0.6290441,0.6836612,0.43779838,0
0.6348044,0.66458064,0.4167842,0
0.6186753,0.6522183,0.4026627,0
0.53037655,0.61450917,0.38037732,0
0.54024684,0.5738041,0.3559078,0
0.63282883,0.6674069,0.4137896,0
0.4919283,0.56742907,0.35180798,0
0.63183135,0.65778637,0.41902432,0
0.52705365,0.61560583,0.39638984,0
0.67723453,0.7133102,0.4564403,0
0.5961402,0.63946235,0.37190586,0
0.5815687,0.62899053,0.38508978,0
0.61354893,0.6534954,0.40596455,0
0.63202953,0.66457254,0.40174177,0
0.5938635,0.62482154,0.37068388,0
0.6474767,0.6795069,0.42559698,0
0.5993557,0.6338471,0.38662282,0
0.54480463,0.6201264,0.3949671,0
0.5441622,0.6359209,0.3875662,0
0.6231237,0.66817313,0.42034334,0
0.5860838,0.6464496,0.4074905,0
0.5040555,0.5803308,0.37196577,0
0.61794287,0.6611274,0.41765204,0
0.49596345,0.5656149,0.35963175,0
0.5329491,0.62378585,0.3989976,0
0.5496858,0.5831777,0.35086736,0
0.5404116,0.62102973,0.38173825,0
0.61788696,0.6559688,0.3936327,0
0.5333022,0.5724693,0.3319021,0
0.6139782,0.6443471,0.3898674,0
0.63250816,0.6652682,0.42365727,0
0.6454362,0.6748015,0.428615,0
0.5432273,0.6355942,0.4109566,0
0.63073075,0.6716496,0.4235924,0
0.530871,0.57807183,0.32877564,0
0.5038026,0.58772504,0.36371616,0
0.6259338,0.6675681,0.40377012,0
0.5316744,0.6111093,0.38723096,0
0.6163594,0.65914565,0.41068944,0
0.6039214,0.6405758,0.3852989,0
0.6192573,0.66083014,0.40280956,0
0.6211027,0.6627038,0.39774626,0
0.55199367,0.6424947,0.39448336,0
0.538081,0.6365232,0.39565277,0
0.52779925,0.603639,0.4008375,0
0.5298805,0.5729367,0.33335114,0
0.63280165,0.67303663,0.3939143,0
0.56261677,0.5931143,0.37865415,0
0.5401214,0.63430744,0.41051003,0
0.577355,0.6208147,0.35535118,0
0.56566083,0.64320225,0.4040107,0
0.65456724,0.6847597,0.431361,0
0.5285085,0.60414594,0.36916527,0
0.639712,0.6710002,0.4207641,0
0.54669046,0.5698762,0.33918417,0
0.5331766,0.61703914,0.3950359,0
0.58752924,0.6320092,0.3882545,0
0.5652159,0.61026776,0.35281944,0
0.613371,0.64756775,0.40096056,0
0.5445909,0.6255331,0.40054932,0
0.62905014,0.67060393,0.41989213,0
0.5322619,0.6053975,0.39271444,0
0.6187346,0.65163493,0.40420657,0
0.59100336,0.6296054,0.36107558,0
0.5424813,0.6365158,0.3967837,0
0.54144526,0.6358313,0.40420917,0
0.58671093,0.63847107,0.37688825,0
0.5109566,0.59621596,0.3725547,0
0.5489137,0.6380981,0.4028063,0
0.5280285,0.56480557,0.34868062,0
0.64268064,0.67059356,0.42399433,0
0.53923804,0.6234106,0.3884681,0
0.6219555,0.66522795,0.4260443,0
0.48952997,0.56832236,0.3611059,0
0.5455092,0.58479434,0.33934897,0
0.618553,0.6564334,0.41104522,0
0.54053473,0.5726719,0.35849175,0
0.6222997,0.65919864,0.4162955,0
0.49208748,0.5655491,0.34969264,0
0.5846344,0.6275292,0.36993146,0
0.5392358,0.63394314,0.39559075,0
0.54104733,0.5724439,0.35057816,0
0.5234848,0.59836394,0.40254226,0
0.53971744,0.63215184,0.39499065,0
0.5981579,0.6417327,0.40174928,0
0.6204617,0.6624156,0.4050945,0
0.5330785,0.61796993,0.3636243,0
0.54201186,0.6209382,0.41233388,0
0.63060623,0.67558235,0.42911983,0
0.60546046,0.64402884,0.40258098,0
0.62844014,0.66867644,0.40321052,0
0.54245925,0.6333252,0.406813,0
0.5249359,0.5639199,0.3253592,0
0.6134928,0.6521723,0.40844536,0
0.6501647,0.67857456,0.4411362,0
0.6359589,0.6777607,0.42209625,0
0.49073565,0.5918099,0.3951744,0
0.5423103,0.62614655,0.4007742,0
0.510771,0.60014516,0.35419062,0
0.6001637,0.6411644,0.39724645,0
0.5323808,0.615973,0.41676417,1
0.59392804,0.6648097,0.43057048,1
0.5876018,0.6412582,0.39684695,1
0.5545554,0.6214813,0.40215236,1
0.5944242,0.6543885,0.42580438,1
0.61191636,0.624205,0.44962132,1
0.58967644,0.6432387,0.39486656,1
0.5325188,0.61694574,0.38740227,1
0.5221923,0.58266485,0.39016488,1
0.62225246,0.63359326,0.43109518,1
0.6284163,0.6441677,0.47094905,1
0.63368225,0.6482029,0.46649736,1
0.6142334,0.62728775,0.4317019,1
0.5820268,0.59660006,0.40190175,1
0.61104786,0.66443694,0.42932576,1
0.5543041,0.62058276,0.43017045,1
0.57370466,0.64501774,0.44083208,1
0.6212311,0.6322968,0.43008277,1
0.55270565,0.6144641,0.42737946,1
0.58279926,0.6443975,0.41414583,1
0.58564997,0.6021376,0.4052865,1
0.6067785,0.62242,0.4267676,1
0.5611592,0.63502693,0.4115858,1
0.5665416,0.6328607,0.41077256,1
0.5861586,0.6359297,0.40660593,1
0.59978014,0.65458083,0.39969802,1
0.6162012,0.6376692,0.46134612,1
0.53677595,0.60940856,0.401271,1
0.5701358,0.6283886,0.4445689,1
0.536786,0.61553776,0.41247496,1
0.6103615,0.624408,0.4220212,1
0.6216629,0.62858504,0.42126018,1
0.6245901,0.638743,0.46137467,1
0.56746256,0.6231206,0.40294293,1
0.60965556,0.6155118,0.4162734,1
0.55625695,0.60946274,0.36387643,1
0.5388236,0.6238674,0.42454606,1
0.5980431,0.6112586,0.417988,1
0.6165478,0.62926835,0.42999402,1
0.56792253,0.62354296,0.4037991,1
0.5751691,0.63585883,0.44902626,1
0.5681872,0.6487363,0.41823456,1
0.572047,0.6394008,0.42286244,1
0.56693614,0.66239005,0.42880422,1
0.57904035,0.64979875,0.4024817,1
0.54902714,0.61178803,0.43229747,1
0.5741418,0.6352492,0.4467199,1
0.6198196,0.6304421,0.42142186,1
0.5649709,0.6334585,0.42772132,1
0.5793015,0.64831644,0.41576058,1
0.58920693,0.66467977,0.44756094,1
0.54377913,0.6077705,0.4147833,1
0.54510915,0.6269694,0.42543828,1
0.60455626,0.66070205,0.40901724,1
0.5552633,0.6368326,0.43252173,1
0.5837072,0.6458499,0.41580954,1
0.5711724,0.6340583,0.4179311,1
0.5640291,0.6404197,0.38963667,1
0.60253686,0.65068156,0.40784618,1
0.530229,0.61329937,0.41931343,1
0.5348443,0.6352976,0.4110077,1
0.5265168,0.58992577,0.39612982,1
0.59151894,0.6482049,0.42107967,1
0.6218879,0.6720889,0.4343322,1
0.58364147,0.63619125,0.39242917,1
0.6256949,0.69735813,0.43691745,1
0.66491765,0.6698479,0.501615,1
0.55931586,0.62700886,0.42761707,1
0.56101584,0.6350846,0.3759193,1
0.57018286,0.64389604,0.4198747,1
0.51172024,0.596301,0.4063486,1
0.57344097,0.6336981,0.3934568,1
0.5763876,0.65061957,0.42050892,1
0.58213294,0.6500879,0.4393583,1
0.5896826,0.59709024,0.39940873,1
0.5739928,0.6317714,0.40051153,1
0.5937729,0.64996386,0.40749034,1
0.5128317,0.5829959,0.39164796,1
0.532244,0.6173937,0.41149753,1
0.54429054,0.6288453,0.43061712,1
0.55422294,0.6301655,0.4011737,1
0.60312665,0.60845333,0.4119303,1
0.5599833,0.6577602,0.45360518,1
0.5368423,0.6036954,0.42696878,1
0.58263427,0.6370553,0.3985555,1
0.5471386,0.60906434,0.4292441,1
0.62594414,0.68024355,0.4316255,1
0.5524062,0.6215945,0.40112728,1
0.5714249,0.6414177,0.41682312,1
0.58635205,0.6453374,0.45864815,1
0.61951053,0.63547134,0.43481666,1
0.5561624,0.6360696,0.43073025,1
0.5665612,0.63028175,0.41192526,1
0.6181465,0.6409457,0.4294395,1
0.46039772,0.56540376,0.34800556,1
0.5688536,0.6387156,0.40474987,1
0.6281797,0.6380613,0.42961606,1
0.55477715,0.6239274,0.41694728,1
0.5592172,0.6316109,0.40824732,1
0.53131616,0.6022912,0.35772845,1
0.5870342,0.64680177,0.40488774,1
0.56587124,0.6405898,0.4221792,1
0.60658824,0.61996186,0.42304406,1
0.5468869,0.6146062,0.4155035,1
0.5885387,0.6658812,0.4516525,1
0.6093998,0.61854583,0.41275564,1
0.5557721,0.6296211,0.4119851,1
0.5937932,0.64689016,0.406213,1
0.63028157,0.6445048,0.46394563,1
0.60032505,0.61906934,0.41876975,1
0.55412036,0.6394624,0.42375058,1
0.5721501,0.63187444,0.44491354,1
0.5537634,0.63572836,0.43553916,1
0.5587639,0.62207675,0.39861736,1
0.5824629,0.62938917,0.39829603,1
0.5727298,0.6416084,0.39769396,1
0.5934153,0.61958355,0.4127514,1
0.5612371,0.62562466,0.44005737,1
0.70924807,0.71768755,0.541941,1
0.62409353,0.6287355,0.443645,1
0.5534815,0.6211502,0.4187356,1
0.5964275,0.65395635,0.41820654,1
0.5842057,0.63577676,0.3935812,1
0.5876948,0.63990647,0.39680406,1
0.6376997,0.6525443,0.4674694,1
0.6137265,0.62744033,0.447555,1
0.5683614,0.62718004,0.39768136,1
0.5640291,0.6404197,0.38963667,1
0.6346113,0.64747125,0.46717575,1
0.5944242,0.6543885,0.42580438,1
0.5652558,0.6511173,0.43633658,1
0.5880325,0.6584135,0.44318473,1
0.5706007,0.6457594,0.40599257,1
0.5824095,0.63825655,0.40300965,1
0.54517597,0.628834,0.42405427,1
0.5683951,0.6352044,0.4002557,1
0.6256539,0.63235694,0.42888114,1
0.5815396,0.6569705,0.44279933,1
0.54779327,0.6229293,0.42888767,1
0.6196294,0.6228233,0.4109257,1
0.61446166,0.6303229,0.4292129,1
0.58009535,0.6462828,0.42622152,1
0.539399,0.6263794,0.40722814,1
0.58274895,0.6535897,0.44653085,1
0.5641752,0.62818563,0.4090135,1
0.5503288,0.62010765,0.43183938,1
0.62934244,0.64416003,0.46784872,1
0.53731257,0.5977119,0.40226895,1
0.6131011,0.66466534,0.42295986,1
0.6142685,0.6288805,0.45719495,1
0.60347944,0.6588082,0.44287026,1
0.58645093,0.67023283,0.43986607,1
0.5895453,0.6632678,0.44992104,1
0.6563941,0.678902,0.46650413,1
0.552489,0.6183391,0.43750477,1
0.5480126,0.6236969,0.41709864,1
0.57978827,0.6030355,0.40642172,1
0.59842104,0.65361494,0.41502458,1
0.56680393,0.64498085,0.4220791,1
0.59831005,0.6159846,0.41842315,1
0.5897809,0.64087117,0.40131974,1
0.56539565,0.65125215,0.4293277,1
0.55445904,0.6204024,0.40089643,1
0.5841435,0.65592635,0.4069764,1
0.62161446,0.6404488,0.463339,1
0.5823825,0.6521038,0.4207928,1
0.6330376,0.6505079,0.47250006,1
0.54867476,0.63267314,0.43047312,1
0.57686985,0.6541878,0.4408305,1
0.59650636,0.65798795,0.4121229,1
0.54062563,0.61366093,0.39309493,1
0.6167633,0.6730932,0.44134724,1
0.6123372,0.62504506,0.42289433,1
0.5947076,0.66586775,0.45218197,1
0.5803183,0.6567746,0.4199592,1
0.5872024,0.6428969,0.39358497,1
0.63676196,0.65170926,0.46822518,1
0.5261749,0.6120659,0.4211989,1
0.53925544,0.6002462,0.40605384,1
0.58661026,0.6405022,0.42350703,1
0.6046962,0.6565324,0.44953784,1
0.56033033,0.6139991,0.42599103,1
0.5493884,0.6240724,0.42844492,1
0.53181225,0.60185826,0.40499783,1
0.60638887,0.6720709,0.44132337,1
0.5697341,0.57883453,0.38088802,1
0.60656863,0.67294264,0.43484035,1
0.61455137,0.67375034,0.4542913,1
0.55512744,0.62684745,0.43890917,1
0.56101584,0.6350846,0.3759193,1
0.5402647,0.616554,0.41245085,1
0.6120761,0.6261938,0.42537498,1
0.6376997,0.6525443,0.4674694,1
0.6049024,0.61868453,0.45653075,1
0.5987177,0.6207859,0.4163193,1
0.60583925,0.61482084,0.41619313,1
0.6200429,0.67470217,0.43770316,1
0.58246267,0.65812767,0.45783013,1
0.5980167,0.6181312,0.42629078,1
0.65218073,0.6585939,0.49617478,1
0.618199,0.6352991,0.4467764,1
0.54734284,0.6303031,0.43201426,1
0.5569251,0.6520094,0.40385327,1
0.5848649,0.6541655,0.41320178,1
0.58067006,0.6626914,0.43548706,1
0.5726089,0.645379,0.41910893,1
0.55146605,0.61480373,0.42806256,1
0.5622338,0.6237595,0.38431576,1
0.6285268,0.6376785,0.43360835,1
0.5939769,0.66649014,0.45483345,1
0.5550228,0.6362627,0.43085107,1
0.566111,0.63277364,0.4168061,1
0.589434,0.66022545,0.4374237,1
0.54952645,0.63210696,0.40841916,1
0.58904946,0.6569732,0.42110753,1
0.56495047,0.62606204,0.41469276,1
0.5605878,0.6475282,0.42845103,1
0.61358845,0.65853775,0.4297313,1
0.62055093,0.6255188,0.42572805,1
0.6377874,0.65606344,0.4707418,1
0.58227235,0.6607731,0.44263133,1
0.56469345,0.6498424,0.4046319,1
0.6117899,0.6233038,0.4289157,1
0.5839164,0.6537156,0.43282416,1
0.6141647,0.62301797,0.45004657,1
0.5647883,0.6335076,0.40365317,1
0.63022447,0.6461436,0.4439666,1
0.5740785,0.62931025,0.3777136,1
0.6033236,0.6113607,0.41024664,1
0.5863641,0.64484596,0.39959192,1
0.5505281,0.6348144,0.42634544,1
0.55866814,0.64847684,0.44214997,1
0.53227973,0.59420395,0.41683635,1
0.62011206,0.667914,0.42806903,1
0.57942265,0.6498445,0.42243528,1
0.60534984,0.61526257,0.41095072,1
0.53803325,0.5922016,0.39611465,1
0.6139479,0.63006634,0.4600471,1
0.60612506,0.6773727,0.46470752,1
0.5901746,0.60084337,0.40175402,1
0.5855334,0.66131544,0.44624957,1
0.56960195,0.62428355,0.39491224,1
0.5721106,0.6591841,0.41558492,1
0.566753,0.644647,0.40860197,1
0.6274711,0.64201,0.46675897,1
0.5587962,0.6287451,0.43247384,1
0.5648225,0.62479806,0.41110232,1
0.60572517,0.6616727,0.40615305,1
0.60196704,0.6626773,0.4006587,1
0.57704294,0.63477695,0.40124625,1
0.56427026,0.62088335,0.40346178,1
0.58159554,0.6467872,0.40477788,1
0.61748224,0.62478346,0.41656965,1
0.62594414,0.68024355,0.4316255,1
0.57704294,0.63477695,0.40124625,1
0.58606225,0.6399208,0.3970765,1
0.58614284,0.64275885,0.4067185,1
0.5808086,0.6508386,0.41037503,1
0.5515207,0.6363411,0.438961,1
0.55768365,0.64344704,0.42529562,1
0.51004195,0.5963585,0.40538326,1
0.5561624,0.6360696,0.43073025,1
0.6527277,0.6623538,0.48368508,1
0.60541314,0.6198168,0.4490893,1
0.61216956,0.626307,0.42353883,1
0.57973576,0.63941807,0.41647455,1
0.59803104,0.56916684,0.36603948,2
0.5886936,0.5636826,0.34728074,2
0.6339375,0.5954284,0.34286562,2
0.5974677,0.58404666,0.38747323,2
0.64601386,0.6163212,0.4182537,2
0.6216735,0.59211636,0.34802905,2
0.56838596,0.5512626,0.33607486,2
0.63794774,0.61837393,0.4175361,2
0.58655685,0.56774133,0.34484392,2
0.62489736,0.59623814,0.36771196,2
0.6102404,0.5860895,0.36599833,2
0.57495433,0.5638828,0.37565336,2
0.6080777,0.58409363,0.35598138,2
0.58278376,0.5603817,0.37056252,2
0.63745546,0.6084442,0.36960444,2
0.602759,0.5835867,0.38929123,2
0.61229885,0.5840438,0.3922205,2
0.62020457,0.5959286,0.35955584,2
0.59719735,0.5706074,0.37998134,2
0.60283,0.56934524,0.3279811,2
0.6039345,0.58078533,0.35486874,2
0.5987062,0.5720745,0.35232678,2
0.62762684,0.6119373,0.40169778,2
0.565487,0.54028916,0.36035308,2
0.6323603,0.60743135,0.4180504,2
0.6423127,0.6129441,0.40786564,2
0.6156388,0.58082294,0.35955122,2
0.6076234,0.5948604,0.39425486,2
0.5865471,0.5651118,0.34172785,2
0.6385728,0.598913,0.35213506,2
0.6066324,0.5910102,0.39380142,2
0.6193046,0.6002882,0.3913881,2
0.5943343,0.5833201,0.40247178,2
0.61647147,0.5980291,0.37832415,2
0.6364503,0.6006592,0.39410713,2
0.5956124,0.57520604,0.36588246,2
0.62078226,0.6104944,0.40662405,2
0.6254385,0.611872,0.4117531,2
0.59753174,0.58860385,0.4046791,2
0.6109682,0.5843534,0.36303765,2
0.59769183,0.57387775,0.38575283,2
0.60937583,0.5978389,0.4124827,2
0.5897082,0.5732983,0.39239776,2
0.59113306,0.56305724,0.3611934,2
0.60698634,0.59232926,0.41357726,2
0.61348104,0.593318,0.36762416,2
0.5960781,0.5762031,0.38578358,2
0.59842724,0.58017963,0.3933079,2
0.60212,0.58063823,0.36566365,2
0.60887253,0.58299756,0.39338422,2
0.6082248,0.5841789,0.36288562,2
0.55540866,0.55529743,0.4167557,2
0.5956269,0.5787716,0.38144186,2
0.6176845,0.5960818,0.38839096,2
0.56516016,0.5393494,0.36124694,2
0.6121232,0.5809994,0.37455308,2
0.5803262,0.55758035,0.32960063,2
0.59874105,0.58056325,0.35051173,2
0.59868604,0.5742121,0.3592667,2
0.6199596,0.58846587,0.38242668,2
0.63749254,0.5946718,0.35751504,2
0.5787197,0.5488234,0.34498775,2
0.58167356,0.54610324,0.3478822,2
0.6010186,0.56727844,0.35725576,2
0.6293607,0.60387766,0.3719205,2
0.5993293,0.5772424,0.351147,2
0.5813088,0.5747943,0.39059758,2
0.60843545,0.57425845,0.35375765,2
0.6052906,0.5663323,0.32215208,2
0.6533122,0.6084173,0.35590038,2
0.6364856,0.61538166,0.41041613,2
0.630164,0.60329294,0.37018397,2
0.5956508,0.5856902,0.39735776,2
0.5971207,0.56836694,0.35766485,2
0.59153694,0.5794722,0.38774312,2
0.5849276,0.57290393,0.39038953,2
0.62843174,0.6056029,0.3950828,2
0.5784634,0.5602548,0.3641007,2
0.62020177,0.5905761,0.35097155,2
0.6388171,0.6095018,0.3715779,2
0.61220866,0.5821938,0.37967116,2
0.5837234,0.56545466,0.3784639,2
0.60739523,0.5878906,0.40406877,2
0.63713366,0.6098672,0.40714926,2
0.61797386,0.59627247,0.37429464,2
0.5675694,0.55013365,0.34816143,2
0.6162023,0.5872333,0.3847361,2
0.5890821,0.56539565,0.3513239,2
0.5995969,0.58545154,0.38926485,2
0.6289192,0.58952576,0.33849144,2
0.5944417,0.56744134,0.34054577,2
0.5881753,0.5666487,0.35635367,2
0.60679173,0.5858466,0.3648993,2
0.61243486,0.59007066,0.39818546,2
0.6280088,0.608203,0.40527415,2
0.5641571,0.54338706,0.361186,2
0.6091722,0.5862102,0.35392988,2
0.5928712,0.57579917,0.37866727,2
0.60340613,0.5811916,0.39352825,2
0.6157137,0.5940114,0.38698244,2
0.5811807,0.5799695,0.4077799,2
0.5966717,0.58061963,0.3804693,2
0.6387989,0.6189561,0.4238684,2
0.6308382,0.59732604,0.38701445,2
0.61751837,0.59190106,0.39034432,2
0.5693064,0.54889184,0.33302432,2
0.65074664,0.6072302,0.36379746,2
0.62517685,0.60713416,0.39861384,2
0.56070095,0.5540849,0.34061703,2
0.592138,0.57058674,0.38425872,2
0.63103324,0.60693103,0.4045518,2
0.59300643,0.58397853,0.3970207,2
0.6027853,0.57509536,0.3554003,2
0.605541,0.58357793,0.3598535,2
0.6055072,0.5820404,0.3557732,2
0.58511794,0.56487304,0.33735272,2
0.5983804,0.5725741,0.35398328,2
0.5850675,0.5714091,0.35023552,2
0.6488569,0.6154156,0.40206856,2
0.60295236,0.5884169,0.40903056,2
0.632331,0.6076846,0.40232965,2
0.5843679,0.5748056,0.3435845,2
0.6016993,0.57767934,0.38489294,2
0.62418234,0.60757774,0.4063054,2
0.6280088,0.608203,0.40527415,2
0.6049514,0.58515406,0.38498425,2
0.6265692,0.5887886,0.37116015,2
0.609546,0.56441826,0.3091508,2
0.581842,0.5683852,0.37547514,2
0.57397527,0.5525968,0.37242416,2
0.5971571,0.57255816,0.348944,2
0.6425848,0.60440254,0.4004711,2
0.64684445,0.6076002,0.3681727,2
0.6386602,0.5973699,0.36993745,2
0.57733566,0.5633425,0.3327839,2
0.58882844,0.557381,0.35383573,2
0.64334154,0.6027504,0.36891958,2
0.6252377,0.59094167,0.35004446,2
0.6200744,0.5949918,0.3730629,2
0.6385007,0.6151138,0.39785296,2
0.60174465,0.58050394,0.35340005,2
0.60970426,0.5865084,0.3563629,2
0.5640233,0.54729337,0.36880496,2
0.6391815,0.6133929,0.36089846,2
0.58779263,0.56965405,0.3500072,2
0.6131627,0.58595234,0.37578768,2
0.6141891,0.57912564,0.34334317,2
0.6445552,0.6170639,0.3762506,2
0.59252524,0.57111806,0.3766934,2
0.6072621,0.58976716,0.39752337,2
0.6008464,0.5757325,0.3593811,2
0.59788805,0.5784729,0.36276582,2
0.61838686,0.59826696,0.39782393,2
0.57462746,0.56139666,0.3809826,2
0.61217004,0.59064126,0.402575,2
0.64393324,0.6051453,0.3575217,2
0.5813783,0.5709574,0.3575104,2
0.61990076,0.58767366,0.34914088,2
0.6131207,0.59388506,0.39330992,2
0.6071624,0.5800537,0.35151,2
0.63086915,0.6089958,0.36508206,2
0.6342279,0.61611164,0.40629417,2
0.60684013,0.58620983,0.34950578,2
0.6081845,0.58296174,0.35540584,2
0.66416425,0.62605864,0.3668072,2
0.57461894,0.55559343,0.33887556,2
0.6390968,0.6193629,0.42404228,2
0.61769396,0.60423803,0.40121132,2
0.5296683,0.52576166,0.35727578,2
0.5929953,0.56040347,0.36208558,2
0.6622044,0.63267463,0.41708624,2
0.6529745,0.61279416,0.35703844,2
0.607312,0.5926248,0.4098582,2
0.6056528,0.5909086,0.38157153,2
0.6087395,0.58664805,0.3585364,2
0.6690298,0.62560177,0.3693758,2
0.5810495,0.5554152,0.35465294,2
0.6303129,0.60937756,0.41823918,2
0.6058604,0.5779566,0.3502401,2
0.6148598,0.5838593,0.36036986,2
0.5975056,0.57878655,0.38363233,2
0.61905473,0.59119976,0.35849264,2
0.58341277,0.5627657,0.34845957,2
0.6156452,0.5964803,0.4043987,2
0.5811807,0.5799695,0.4077799,2
0.5892143,0.5658111,0.35167554,2
0.5825681,0.5670246,0.38559985,2
0.5784779,0.5582644,0.35400358,2
0.6011791,0.5769956,0.38212037,2
0.60263413,0.59266734,0.41476792,2
0.6188429,0.58667547,0.34797594,2
0.6259871,0.60758877,0.3766956,2
0.61123365,0.5884212,0.39751512,2
0.61952555,0.596724,0.39516366,2
0.5723201,0.5579577,0.37566286,2
0.6350481,0.6038909,0.36081716,2
0.5991447,0.5874068,0.41175342,2
0.5981782,0.57161045,0.3421802,2
0.59052986,0.56371397,0.3605857,2
0.6519087,0.61166453,0.37124285,2
0.5967935,0.5727848,0.35917163,2
0.5669485,0.5311968,0.3332486,2
0.6062908,0.5843081,0.35896543,2
0.62471867,0.60832655,0.4117524,2
0.6105245,0.59533393,0.3783524,2
0.60715556,0.5852623,0.3547071,2
0.61643374,0.59862715,0.40840745,2
0.66155523,0.627312,0.41923195,2
0.6499926,0.6087306,0.36529142,2
0.6199699,0.59402484,0.3670854,2
0.6004369,0.58617127,0.39441395,2
0.65787673,0.6237162,0.41811508,2
0.63382363,0.61475706,0.4249683,2
0.63110715,0.59868723,0.3952824,2
0.6055087,0.59514093,0.40295997,2
0.5769821,0.5496045,0.32370156,2
0.6138443,0.59389204,0.39136204,2
0.6230291,0.61165875,0.36634067,2
0.58926946,0.56538105,0.35244435,2
0.6092055,0.59014666,0.3860537,2
0.5696445,0.5306934,0.33360088,2
0.6032228,0.5731627,0.33967888,2
0.6121241,0.58375937,0.34681588,2
0.62459624,0.60101265,0.37108195,2
0.6335015,0.6040753,0.40403306,2
0.5881088,0.5736221,0.38443342,2
0.61169887,0.58591944,0.3561169,2
0.5917291,0.568847,0.35478476,2
0.58718145,0.57719445,0.39708322,2
0.6037916,0.59324825,0.41486663,2
0.604594,0.5720083,0.3463204,2
0.6026212,0.589656,0.41102505,2
0.6149371,0.58549404,0.38300544,2
0.66721666,0.6261567,0.37510946,2
0.5804185,0.57273805,0.40431577,2
0.5705413,0.56343144,0.4029617,2
0.62145615,0.6031534,0.41205686,2
0.6089428,0.5826474,0.35569814,2
0.6032945,0.5653819,0.33216822,2
0.636516,0.6166945,0.40846157,2
0.59863853,0.5830409,0.38465694,2
0.60089344,0.5915347,0.39005375,2
0.6101617,0.59553623,0.39855856,2
0.6124119,0.5887215,0.3599336,2
0.6008364,0.5673197,0.36659014,2
0.59511817,0.56437534,0.362594,2
0.5768956,0.55672395,0.33017492,2
0.5882776,0.5746863,0.38681543,2
0.5714195,0.55225956,0.3725079,2
0.6123324,0.5839963,0.38477215,2
0.58557135,0.56946075,0.34713018,2
0.6024973,0.5874486,0.40769416,2
0.6079629,0.5737302,0.35384327,2
0.63602364,0.59976524,0.37219176,2
0.62209946,0.598196,0.3678401,2
0.6030321,0.5867368,0.38829055,2
0.5931122,0.5700291,0.35894608,2
0.6418922,0.6127284,0.40941405,2
0.600024,0.57646924,0.35883883,2
0.6038646,0.5932772,0.41471326,2
0.6053917,0.57972425,0.38716283,2
0.6117856,0.5911009,0.37360606,2
0.59679294,0.5733732,0.35607144,2
0.6131003,0.59039605,0.36951295,2
0.59052664,0.5763064,0.38590908,2
0.60270894,0.584314,0.4016712,2
0.6211115,0.59776175,0.3869042,2
0.62020695,0.5966865,0.3747522,2
0.61503834,0.57940906,0.35817778,2
0.6090464,0.5845694,0.35480538,2
0.64343905,0.61829734,0.42003492,2
0.5773933,0.54130787,0.30660155,2
0.6256957,0.6020999,0.3693661,2
0.6170222,0.5880753,0.35333905,2
0.5981731,0.5772293,0.3982271,2
0.5867344,0.56341314,0.38155332,2
0.59172875,0.5636741,0.33605653,2
0.61473453,0.59105575,0.3565295,2
0.6298406,0.61133003,0.40926483,2
0.60170025,0.5737987,0.3790867,2
0.5955965,0.58694345,0.4046617,2
0.56786406,0.54934347,0.32699957,2
0.58902687,0.566696,0.35497022,2
0.601632,0.59136236,0.411857,2
0.61557645,0.6027783,0.41399646,2
0.64838266,0.6145762,0.36630377,2
0.65771484,0.6058571,0.4074314,3
0.61647266,0.56791085,0.35595915,3
0.612859,0.56852114,0.35230193,3
0.5925476,0.5515126,0.3767425,3
0.64610416,0.5991495,0.38942105,3
0.5998853,0.56061673,0.34682086,3
0.63559604,0.5841484,0.40193897,3
0.62382203,0.5769625,0.36683497,3
0.6460951,0.58806944,0.3681408,3
0.6254963,0.5672389,0.37426022,3
0.65963763,0.6093357,0.41900423,3
0.64558077,0.5968625,0.38760975,3
0.6169344,0.5690343,0.3980633,3
0.63294977,0.5861041,0.3691364,3
0.6325834,0.5844031,0.40968984,3
0.6467019,0.597567,0.42128304,3
0.6364334,0.5906057,0.41624248,3
0.61660695,0.57698387,0.39968872,3
0.61073905,0.58310807,0.378211,3
0.65081614,0.6020965,0.41492411,3
0.6382776,0.59305614,0.3881088,3
0.6719415,0.6171467,0.39677784,3
0.6346136,0.58621466,0.41473284,3
0.647721,0.5966354,0.41566357,3
0.61362565,0.5680394,0.39763737,3
0.6400003,0.5905973,0.4148801,3
0.6598243,0.61271995,0.39726204,3
0.6287519,0.5879434,0.37947208,3
0.6289968,0.58591706,0.3734429,3
0.6359026,0.5886368,0.40276873,3
0.6132835,0.5594773,0.3880095,3
0.61591244,0.5625738,0.37973344,3
0.6138139,0.5674384,0.3649716,3
0.6297198,0.5808888,0.3974227,3
0.6105271,0.5718632,0.3979976,3
0.63684887,0.5868286,0.40776554,3
0.6343072,0.5857376,0.40137073,3
0.6127116,0.5840529,0.406097,3
0.6252778,0.5846676,0.4080108,3
0.6612148,0.6138795,0.39798465,3
0.5931581,0.54251164,0.33381286,3
0.62343365,0.57967746,0.40879437,3
0.6157429,0.5605417,0.3419914,3
0.6045429,0.55781454,0.39084798,3
0.63697195,0.5889052,0.3808615,3
0.6418592,0.6085564,0.39833733,3
0.6287519,0.5879434,0.37947208,3
0.5785491,0.534914,0.3275193,3
0.61671543,0.5692109,0.39682144,3
0.5933875,0.5680079,0.37070727,3
0.63810027,0.5904323,0.3792507,3
0.70660883,0.6614495,0.41675165,3
0.6331724,0.585211,0.40136355,3
0.63010025,0.5839792,0.41461936,3
0.6350391,0.5942356,0.386018,3
0.6100479,0.5675387,0.40471673,3
0.6456822,0.6029645,0.39252082,3
0.63614196,0.58538884,0.40336496,3
0.6649433,0.6181744,0.4034919,3
0.66654867,0.6165789,0.4251809,3
0.64265823,0.593208,0.4062075,3
0.61723286,0.5867768,0.39889386,3
0.6126099,0.5682442,0.39600024,3
0.63361776,0.5863238,0.41478762,3
0.6349388,0.59542865,0.3873197,3
0.64594424,0.5961094,0.4106505,3
0.5927524,0.549054,0.3402385,3
0.6641938,0.6206698,0.40190127,3
0.6380182,0.58950764,0.37160417,3
0.6387016,0.59834456,0.3923092,3
0.6342415,0.5873276,0.37615776,3
0.6583584,0.6072787,0.4126364,3
0.62920034,0.57933426,0.40169996,3
0.54839957,0.50216717,0.3438169,3
0.6585854,0.60788286,0.41676822,3
0.63868415,0.59842175,0.39221817,3
0.63887626,0.59186095,0.37951258,3
0.6647547,0.6172763,0.4016126,3
0.5859077,0.55356693,0.39230284,3
0.6222163,0.5714862,0.38059223,3
0.6344441,0.59118456,0.41613296,3
0.6172956,0.57067674,0.38547832,3
0.64594537,0.5902026,0.35348484,3
0.65980077,0.61543196,0.3997006,3
0.6564799,0.6074051,0.4120517,3
0.64257294,0.58972126,0.4068052,3
0.6017918,0.55585426,0.34074378,3
0.5701211,0.5279316,0.369595,3
0.6342551,0.5962913,0.38995513,3
0.64036554,0.5983057,0.38871288,3
0.6313046,0.5814757,0.39951447,3
0.6414312,0.5957158,0.38843435,3
0.63523567,0.5794181,0.4043584,3
0.5760284,0.534811,0.33134538,3
0.6342884,0.5892141,0.3784017,3
0.63371456,0.6001597,0.3955407,3
0.60149693,0.56248695,0.3599616,3
0.64493424,0.5951796,0.38402972,3
0.6353286,0.59263164,0.38084874,3
0.6385317,0.58944476,0.41279548,3
0.6606381,0.6125302,0.3985958,3
0.62004155,0.5789908,0.4061493,3
0.5883414,0.5474435,0.3408882,3
0.63781404,0.5889088,0.36366725,3
0.6473913,0.59690875,0.39267334,3
0.64112866,0.5932367,0.387399,3
0.62963766,0.5845594,0.40136832,3
0.6259421,0.57767916,0.3710817,3
0.6611765,0.6105397,0.41802052,3
0.6210671,0.5717481,0.39558983,3
0.63621193,0.5917887,0.41432136,3
0.6859568,0.63230115,0.43543595,3
0.6345055,0.58426696,0.37520713,3
0.62726635,0.57936364,0.35845524,3
0.644006,0.5878153,0.3678135,3
0.634591,0.5890575,0.37356153,3
0.59606034,0.5490935,0.34014845,3
0.64566106,0.6038149,0.39570034,3
0.6547108,0.6118727,0.3943578,3
0.63671106,0.58911425,0.3806044,3
0.65130174,0.60331845,0.41204473,3
0.6163266,0.57861984,0.41296026,3
0.616891,0.57728195,0.4020972,3
0.6026421,0.5740792,0.34969768,3
0.6702559,0.6179654,0.42651963,3
0.6095708,0.5679337,0.39906862,3
0.64937174,0.59475505,0.3764384,3
0.6274105,0.5809434,0.40770885,3
0.67452204,0.6260727,0.43415865,3
0.63401514,0.58551,0.37961832,3
0.65481013,0.60466087,0.4162884,3
0.6366982,0.59251326,0.42030314,3
0.68369377,0.63190854,0.39895004,3
0.6257221,0.57922316,0.40571165,3
0.6173472,0.5787969,0.41245028,3
0.6388854,0.5992092,0.39087072,3
0.6556087,0.60551083,0.4169051,3
0.62088716,0.58670664,0.36502185,3
0.6374865,0.58562356,0.40362626,3
0.63752556,0.591879,0.38272867,3
0.6202112,0.5678317,0.39450034,3
0.63936496,0.595945,0.38180956,3
0.64583385,0.59961104,0.3892994,3
0.6139068,0.58036673,0.37524903,3
0.62787837,0.5831237,0.37452683,3
0.5783073,0.5347794,0.3202735,3
0.6157246,0.5708958,0.40230533,3
0.6118242,0.5688558,0.39712647,3
0.6170211,0.57714635,0.40876573,3
0.614025,0.5687588,0.38329375,3
0.6107423,0.56300986,0.3533329,3
0.6319502,0.5824908,0.39828265,3
0.63865197,0.5945545,0.41999733,3
0.48758045,0.4253219,0.2669202,3
0.581129,0.535721,0.368845,3
0.629898,0.5815699,0.40282813,3
0.6270034,0.58463264,0.4178422,3
0.635607,0.5889718,0.37774354,3
0.6310942,0.5840237,0.37024635,3
0.64886653,0.6111926,0.42385015,3
0.6194313,0.56389165,0.3899745,3
0.63385516,0.5858224,0.379454,3
0.63839054,0.58459735,0.4020857,3
0.63215494,0.5841768,0.4132854,3
0.6280114,0.57986116,0.40315232,3
0.63159764,0.5882363,0.38422817,3
0.6267553,0.582053,0.39756888,3
0.6248655,0.5732673,0.3604644,3
0.66305166,0.61081624,0.41733938,3
0.6686023,0.6173697,0.4269299,3
0.586073,0.5440702,0.33960384,3
0.64135396,0.59144217,0.38118553,3
0.5854891,0.55066234,0.39148584,3
0.6257644,0.58477956,0.41870055,3
0.6397661,0.5935762,0.38636947,3
0.6421039,0.5868403,0.3997176,3
0.61266434,0.5628912,0.38801572,3
0.60454303,0.55964404,0.3894956,3
0.5948183,0.5592776,0.39566237,3
0.62565637,0.584504,0.3808324,3
0.6221644,0.585145,0.40831384,3
0.6285508,0.5862399,0.4083017,3
0.5927524,0.549054,0.3402385,3
0.62230015,0.5835218,0.37931457,3
0.6148812,0.5618223,0.34411773,3
0.6245623,0.58941233,0.385208,3
0.624501,0.57426775,0.38691798,3
0.6447881,0.5976259,0.39013818,3
0.6395846,0.590198,0.4094645,3
0.6460598,0.5973436,0.38287842,3
0.62249047,0.5727563,0.40081796,3
0.6408374,0.58885723,0.37518907,3
0.6447392,0.5849909,0.39957038,3
0.620362,0.577262,0.40685493,3
0.61744165,0.59053963,0.3805732,3
0.654543,0.6052552,0.41862378,3
0.6354598,0.58413905,0.4022414,3
0.61368144,0.5709761,0.3533677,3
0.57888496,0.53474444,0.32236806,3
0.6531539,0.60027885,0.41330203,3
0.6164244,0.5727929,0.35426354,3
0.6177992,0.5719975,0.40588668,3
0.6242279,0.58269674,0.3795155,3
0.6149642,0.57465255,0.40592647,3
0.64624465,0.59767026,0.4227798,3
0.6435133,0.59498554,0.38902885,3
0.60293674,0.55602056,0.38988608,3
0.6594143,0.61535245,0.39844942,3
0.6619542,0.6185963,0.42387554,3
0.66221344,0.6101431,0.40037623,3
0.6293225,0.582104,0.37680617,3
